[
    {
        "model": "user.user",
        "pk": 1,
        "fields": {
            "first_name": "John",
            "last_name": "Doe",
            "email": "john.doe@example.com",
            "password": "hashed_password_1"
        }
    },
    {
        "model": "user.user",
        "pk": 2,
        "fields": {
            "first_name": "Emily",
            "last_name": "Johnson",
            "email": "emily.johnson@example.com",
            "password": "hashed_password_2"
        }
    },
    {
        "model": "user.user",
        "pk": 3,
        "fields": {
            "first_name": "William",
            "last_name": "Brown",
            "email": "william.brown@example.com",
            "password": "hashed_password_3"
        }
    },
    {
        "model": "user.user",
        "pk": 4,
        "fields": {
            "first_name": "Sophia",
            "last_name": "Martinez",
            "email": "sophia.martinez@example.com",
            "password": "hashed_password_4"
        }
    },
    {
        "model": "user.user",
        "pk": 5,
        "fields": {
            "first_name": "James",
            "last_name": "Davis",
            "email": "james.davis@example.com",
            "password": "hashed_password_5"
        }
    },
    {
        "model": "user.user",
        "pk": 6,
        "fields": {
            "first_name": "Olivia",
            "last_name": "Garcia",
            "email": "olivia.garcia@example.com",
            "password": "hashed_password_6"
        }
    },
    {
        "model": "user.user",
        "pk": 7,
        "fields": {
            "first_name": "Ethan",
            "last_name": "Wilson",
            "email": "ethan.wilson@example.com",
            "password": "hashed_password_7"
        }
    },
    {
        "model": "user.user",
        "pk": 8,
        "fields": {
            "first_name": "Isabella",
            "last_name": "Lopez",
            "email": "isabella.lopez@example.com",
            "password": "hashed_password_8"
        }
    },
    {
        "model": "user.user",
        "pk": 9,
        "fields": {
            "first_name": "Logan",
            "last_name": "Young",
            "email": "logan.young@example.com",
            "password": "hashed_password_9"
        }
    },
    {
        "model": "user.user",
        "pk": 10,
        "fields": {
            "first_name": "Ava",
            "last_name": "Hernandez",
            "email": "ava.hernandez@example.com",
            "password": "hashed_password_10"
        }
    },
    {
        "model": "library.book",
        "pk": 1,
        "fields": {
            "title": "The Great Gatsby",
            "author": "F. Scott Fitzgerald",
            "cover": "HARD",
            "inventory": 5,
            "daily_fee": "1.99"
        }
    },
    {
        "model": "library.book",
        "pk": 2,
        "fields": {
            "title": "Pride and Prejudice",
            "author": "Jane Austen",
            "cover": "HARD",
            "inventory": 8,
            "daily_fee": "3.25"
        }
    },
    {
        "model": "library.book",
        "pk": 3,
        "fields": {
            "title": "The Catcher in the Rye",
            "author": "J.D. Salinger",
            "cover": "SOFT",
            "inventory": 12,
            "daily_fee": "2.75"
        }
    },
    {
        "model": "library.book",
        "pk": 4,
        "fields": {
            "title": "Moby Dick",
            "author": "Herman Melville",
            "cover": "HARD",
            "inventory": 5,
            "daily_fee": "1.99"
        }
    },
    {
        "model": "library.book",
        "pk": 5,
        "fields": {
            "title": "The Hobbit",
            "author": "J.R.R. Tolkien",
            "cover": "SOFT",
            "inventory": 15,
            "daily_fee": "2.50"
        }
    },
    {
        "model": "library.book",
        "pk": 6,
        "fields": {
            "title": "Brave New World",
            "author": "Aldous Huxley",
            "cover": "HARD",
            "inventory": 7,
            "daily_fee": "3.50"
        }
    },
    {
        "model": "library.book",
        "pk": 7,
        "fields": {
            "title": "War and Peace",
            "author": "Leo Tolstoy",
            "cover": "HARD",
            "inventory": 10,
            "daily_fee": "4.00"
        }
    },
    {
        "model": "library.book",
        "pk": 8,
        "fields": {
            "title": "The Alchemist",
            "author": "Paulo Coelho",
            "cover": "SOFT",
            "inventory": 9,
            "daily_fee": "2.25"
        }
    },
    {
        "model": "library.book",
        "pk": 9,
        "fields": {
            "title": "Lord of the Flies",
            "author": "William Golding",
            "cover": "SOFT",
            "inventory": 6,
            "daily_fee": "1.75"
        }
    },
    {
        "model": "library.book",
        "pk": 10,
        "fields": {
            "title": "The Road",
            "author": "Cormac McCarthy",
            "cover": "HARD",
            "inventory": 4,
            "daily_fee": "2.99"
        }
    },
    {
        "model": "borrowing.borrowing",
        "pk": 1,
        "fields": {
            "user": 1,
            "book": 1,
            "borrow_date": "2024-06-01",
            "expected_return_date": "2024-07-01",
            "actual_return_date": "2024-06-20"
    }
    },
    {
        "model": "borrowing.borrowing",
        "pk": 2,
        "fields": {
            "user": 2,
            "book": 2,
            "borrow_date": "2024-06-10",
            "expected_return_date": "2024-07-10",
            "actual_return_date": null
        }
    },
    {
        "model": "borrowing.borrowing",
        "pk": 3,
        "fields": {
            "user": 3,
            "book": 3,
            "borrow_date": "2024-05-25",
            "expected_return_date": "2024-06-25",
            "actual_return_date": "2024-06-23"
        }
    },
    {
        "model": "borrowing.borrowing",
        "pk": 4,
        "fields": {
            "user": 4,
            "book": 4,
            "borrow_date": "2024-06-03",
            "expected_return_date": "2024-07-03",
            "actual_return_date": null
        }
    },
    {
        "model": "borrowing.borrowing",
        "pk": 5,
        "fields": {
            "user": 5,
            "book": 5,
            "borrow_date": "2024-06-15",
            "expected_return_date": "2024-07-15",
            "actual_return_date": null
        }
    },
    {
        "model": "borrowing.borrowing",
        "pk": 6,
        "fields": {
            "user": 6,
            "book": 6,
            "borrow_date": "2024-06-01",
            "expected_return_date": "2024-07-01",
            "actual_return_date": "2024-06-28"
        }
    },
    {
        "model": "borrowing.borrowing",
        "pk": 7,
        "fields": {
            "user": 7,
            "book": 7,
            "borrow_date": "2024-06-12",
            "expected_return_date": "2024-07-12",
            "actual_return_date": null
        }
    },
    {
        "model": "borrowing.borrowing",
        "pk": 8,
        "fields": {
            "user": 8,
            "book": 8,
            "borrow_date": "2024-05-28",
            "expected_return_date": "2024-06-28",
            "actual_return_date": "2024-06-25"
        }
    },
    {
        "model": "borrowing.borrowing",
        "pk": 9,
        "fields": {
            "user": 9,
            "book": 9,
            "borrow_date": "2024-06-07",
            "expected_return_date": "2024-07-07",
            "actual_return_date": null
        }
    },
    {
        "model": "borrowing.borrowing",
        "pk": 10,
        "fields": {
            "user": 10,
            "book": 10,
            "borrow_date": "2024-06-20",
            "expected_return_date": "2024-07-20",
            "actual_return_date": null
        }
    },
    {
        "model": "payment.payment",
        "pk": 1,
        "fields": {
            "status": "PAID",
            "payment_type": "PAYMENT",
            "borrowing": 1,
            "session_url": "http://example.com/session1",
            "session_id": "session1",
            "money_to_pay": "10.99",
            "created_at": "2024-01-01T00:00:00Z",
            "updated_at": "2024-01-01T00:00:00Z"
        }
    },
    {
        "model": "payment.payment",
        "pk": 2,
        "fields": {
            "status": "UNPAID",
            "payment_type": "DEPOSIT",
            "borrowing": 2,
            "session_url": "http://example.com/session2",
            "session_id": "session2",
            "money_to_pay": "15.99",
            "created_at": "2024-02-01T00:00:00Z",
            "updated_at": "2024-02-01T00:00:00Z"
        }
    },
    {
        "model": "payment.payment",
        "pk": 3,
        "fields": {
            "status": "PAID",
            "payment_type": "FINE",
            "borrowing": 3,
            "session_url": "http://example.com/session3",
            "session_id": "session3",
            "money_to_pay": "5.50",
            "created_at": "2024-03-01T00:00:00Z",
            "updated_at": "2024-03-01T00:00:00Z"
        }
    },
    {
        "model": "payment.payment",
        "pk": 4,
        "fields": {
            "status": "PAID",
            "payment_type": "PAYMENT",
            "borrowing": 4,
            "session_url": "http://example.com/session4",
            "session_id": "session4",
            "money_to_pay": "20.00",
            "created_at": "2024-04-01T00:00:00Z",
            "updated_at": "2024-04-01T00:00:00Z"
        }
    },
    {
        "model": "payment.payment",
        "pk": 5,
        "fields": {
            "status": "UNPAID",
            "payment_type": "FINE",
            "borrowing": 5,
            "session_url": "http://example.com/session5",
            "session_id": "session5",
            "money_to_pay": "3.75",
            "created_at": "2024-05-01T00:00:00Z",
            "updated_at": "2024-05-01T00:00:00Z"
        }
    },
    {
        "model": "payment.payment",
        "pk": 6,
        "fields": {
            "status": "PAID",
            "payment_type": "DEPOSIT",
            "borrowing": 6,
            "session_url": "http://example.com/session6",
            "session_id": "session6",
            "money_to_pay": "10.99",
            "created_at": "2024-06-01T00:00:00Z",
            "updated_at": "2024-06-01T00:00:00Z"
        }
    },
    {
        "model": "payment.payment",
        "pk": 7,
        "fields": {
            "status": "PAID",
            "payment_type": "PAYMENT",
            "borrowing": 7,
            "session_url": "http://example.com/session7",
            "session_id": "session7",
            "money_to_pay": "8.50",
            "created_at": "2024-07-01T00:00:00Z",
            "updated_at": "2024-07-01T00:00:00Z"
        }
    },
    {
        "model": "payment.payment",
        "pk": 8,
        "fields": {
            "status": "UNPAID",
            "payment_type": "FINE",
            "borrowing": 8,
            "session_url": "http://example.com/session8",
            "session_id": "session8",
            "money_to_pay": "7.25",
            "created_at": "2024-08-01T00:00:00Z",
            "updated_at": "2024-08-01T00:00:00Z"
        }
    },
    {
        "model": "payment.payment",
        "pk": 9,
        "fields": {
            "status": "UNPAID",
            "payment_type": "FINE",
            "borrowing": 9,
            "session_url": "http://example.com/session9",
            "session_id": "session9",
            "money_to_pay": "4.99",
            "created_at": "2024-09-01T00:00:00Z",
            "updated_at": "2024-09-01T00:00:00Z"
        }
    },
    {
        "model": "payment.payment",
        "pk": 10,
        "fields": {
            "status": "PAID",
            "payment_type": "PAYMENT",
            "borrowing": 10,
            "session_url": "http://example.com/session10",
            "session_id": "session10",
            "money_to_pay": "12.75",
            "created_at": "2024-10-01T00:00:00Z",
            "updated_at": "2024-10-01T00:00:00Z"
        }
    }
]
